{"data_time": 0.00036831048782914877, "eta_seconds": 29712.52106259344, "iteration": 19, "lr": 0.00019999997216463264, "rank_data_time": 0.00036831048782914877, "time": 0.3714993881294504, "total_loss": 0.2149350345134735}
{"data_time": 0.0022635249188169837, "iteration": 38, "lr": 0.00019999988865854602, "rank_data_time": 0.0022635249188169837, "time": 0.3723644205601886, "total_loss": 0.11257775500416756}
{"eta_seconds": 29754.540958711877, "iteration": 39}
