{"data_time": 0.00036831048782914877, "eta_seconds": 29712.52106259344, "iteration": 19, "lr": 0.00019999997216463264, "rank_data_time": 0.00036831048782914877, "time": 0.3714993881294504, "total_loss": 0.2149350345134735}
{"data_time": 0.0022635249188169837, "iteration": 38, "lr": 0.00019999988865854602, "rank_data_time": 0.0022635249188169837, "time": 0.3723644205601886, "total_loss": 0.11257775500416756}
{"eta_seconds": 29754.540958711877, "iteration": 39}
{"data_time": 0.0006463295430876315, "eta_seconds": 29903.39731855318, "iteration": 19, "lr": 0.00019999997216463264, "rank_data_time": 0.0006463295430876315, "time": 0.37388593796640635, "total_loss": 0.25004953145980835}
{"data_time": 0.0025014295242726803, "iteration": 38, "lr": 0.00019999988865854602, "rank_data_time": 0.0025014295242726803, "time": 0.3734825775027275, "total_loss": 0.1214231625199318}
{"eta_seconds": 29867.25473615341, "iteration": 39}
