{"_runtime":26.223387596,"total_loss":0.12142316,"global_step":39,"_wandb":{"runtime":26},"data_time":0.0025014295,"lr":0.0001999999,"rank_data_time":0.0025014295,"_step":11,"eta_seconds":29867.254,"_timestamp":1.739114388197729e+09,"time":0.37348258}