{"eta_seconds":29754.541,"_wandb":{"runtime":24},"global_step":39,"_timestamp":1.7363558268763752e+09,"_step":11,"data_time":0.002263525,"total_loss":0.11257775,"_runtime":24.324195598,"time":0.37236443,"rank_data_time":0.002263525,"lr":0.0001999999}